odaetce@kowun.co.uk,Warren,Moss,user,(381) 433-7574,Ontosup,4096824,|,5135714840454345,580,Vernon Fuller,Frederick Hodges,31/7/2006,6602992,|,3984351,12/10/1989,polino,|,2863965,Josie Berry,$9849.53,true,jaz
tav@ub.gov,Carrie,Jensen,user,(279) 256-6238,Lurokju,4925696,|,30000796769010,794,Myra Rodriquez,Darrell Henderson,30/6/1975,4894016,|,8807672,8/11/2034,satisfying,|,3615935,Travis Patrick,$666.54,false,cisolo
kim@wasurmet.net,Virgie,Daniel,user,(475) 408-8719,Acgehura,294877,|,201445473162984,189,Grace McGee,Hannah Fitzgerald,16/9/2026,9482315,|,3531113,21/12/2035,excelent,|,8346150,Dora Klein,$4853.68,false,av
uzpawel@genki.edu,Hannah,Mathis,user,(972) 758-2130,Famludwa,5282000,|,5114770571905702,205,Nettie Lane,Clara Howell,16/8/2015,6703204,|,9184626,10/9/1999,could be better,|,6568771,Gertrude Glover,$7229.73,false,mumorcu
cen@nukjogu.edu,Blanche,Garner,user,(648) 922-4073,Okozorom,6354431,|,4661029941579287,729,Helena Webster,Howard Padilla,17/1/1985,188260,|,8053535,15/5/2009,polino,|,8240377,Ethel Vargas,$7334.88,true,sealasi
eduzagur@ekiza.com,Eleanor,Gill,admin,(843) 242-3260,Pehkawin,2177656,|,201441514594459,498,Blanche Weber,Clarence Hayes,11/12/2015,4541207,|,6947067,21/4/2000,excelent,|,1143260,Jim Ballard,$4928.33,false,pi
lowzughep@kebleget.edu,Frank,Love,user,(982) 998-8685,Gavassuj,7611881,|,6378830993574475,213,Henrietta West,Henry Bennett,13/2/1990,8934971,|,8855866,8/1/2036,polino,|,665896,Dora Hanson,$1392.52,true,iggojzo
coci@lofdi.io,Alan,Evans,user,(735) 666-1563,Vuvcassef,6397054,|,345912902054139,386,Cynthia Harmon,Charles Sullivan,28/9/2000,9646075,|,9693754,25/5/2036,excelent,|,2301889,Marie Fuller,$7057.68,false,it
buvahra@bi.net,Claudia,Luna,user,(700) 286-7705,Dubjadi,8027464,|,201428959816695,228,Frances Strickland,Georgie Greer,27/4/2000,8339174,|,1381227,21/1/1980,could be better,|,2725770,Alta Banks,$1797.94,false,azo
eg@risawepu.co.uk,Nathan,McKinney,admin,(763) 366-7741,Hescoifa,1435954,|,6379635908325874,389,Johanna Farmer,Elva Moss,22/2/2036,8681282,|,6630898,13/6/2019,satisfying,|,6594574,Gertrude Maxwell,$6459.74,false,niropi
obocade@elgufec.com,Wayne,McCormick,admin,(540) 427-4565,Ruucaeh,7714245,|,6334569873910671,049,Carlos Wood,Charlie Mason,23/4/2007,9609365,|,1254479,30/12/2021,good,|,10376,Amy Harrison,$5132.25,false,jaevari
nithomfub@votgu.net,Lura,Holt,user,(813) 500-5317,Zivkezuh,3702145,|,6254940578994342,095,Cecelia Morton,Elizabeth Tucker,3/4/1979,2299768,|,2177183,22/2/1987,polino,|,5550435,Tom Arnold,$7515.48,true,bit
le@ceta.org,Ethan,Wallace,admin,(315) 276-9926,Faovvag,4344682,|,5610586119349313,020,Winifred Glover,Rose Howard,13/6/2034,2663516,|,2826623,12/7/1974,polino,|,8024329,Maria Jones,$4585.45,false,uw
dac@wewa.co.uk,Winnie,Frank,user,(418) 748-6445,Zaconir,4130379,|,36191730704199,398,Hannah Marshall,Derek Holmes,19/9/1979,9564132,|,8610800,21/6/1992,good,|,776853,Sam Adams,$5254.36,false,wuk
ti@man.net,Christopher,Franklin,user,(549) 702-3703,Rumazised,8206833,|,4026924542962322,463,Calvin Kennedy,Glen Lamb,17/7/1986,5969000,|,6022087,4/9/1998,excelent,|,8807712,Elizabeth Herrera,$3662.57,true,da
luuf@ejreri.org,Jesse,Ramos,admin,(679) 273-1371,Tizkeah,4232891,|,5142193199476475,686,Jay Ford,Luke Simon,14/5/2033,1258795,|,8321714,11/9/2011,could be better,|,5061859,Jeanette Phelps,$1030.60,true,fobcaw
hos@zizuwunoj.org,Lewis,Howard,user,(803) 213-6607,Joflabge,6259240,|,6011256297337638,212,Esther Reynolds,Effie Henderson,12/3/2010,7437593,|,9591936,18/6/2034,good,|,4006926,Ida Pratt,$4631.14,false,docor
sennecvuz@dik.com,Olive,Reid,admin,(274) 241-8845,Esanosjep,8391602,|,343722340589832,260,Ricky Copeland,Leila Houston,12/7/1993,1028204,|,1747459,14/11/2007,good,|,5311393,Gilbert Chandler,$7400.28,true,ifigwa
seca@nuvujnom.com,Nathaniel,Chandler,admin,(205) 261-7822,Tikohiofe,4085912,|,4026236303860136,444,Sophia Rodgers,Gene Howell,13/9/2035,5443060,|,3825572,15/1/2019,satisfying,|,9603691,Victoria Moran,$1916.69,true,umeifo
hausvu@iccav.gov,Pauline,McLaughlin,admin,(638) 284-8236,Vatocha,7703033,|,5427706175746961,273,Evelyn Estrada,Noah Olson,27/11/1993,9579322,|,7810117,1/4/2029,excelent,|,940152,Mamie Hawkins,$8002.62,false,onu
le@zo.edu,Ellen,Jimenez,admin,(303) 857-2985,Etimda,4398200,|,3528761569067097,866,Isabel Fletcher,Luella Moran,30/10/1982,4778604,|,9724093,12/2/1981,good,|,174734,Alan Hale,$6954.27,true,zud
nodipiho@gog.net,Ricardo,Weber,user,(268) 232-3275,Usoceoka,6247103,|,3528076238126640,051,Eddie Moody,Helena Bailey,24/5/1981,6324511,|,1217541,29/5/2027,good,|,706823,Sylvia Wright,$254.81,true,ejives
uzfulbo@va.io,James,Gray,admin,(736) 205-9297,Soblegla,8422575,|,347181914657598,016,Francis Obrien,Ida Terry,22/4/1984,6397883,|,4319834,3/7/2004,excelent,|,8227415,Mabel Chavez,$5340.30,false,farasodub
gimaw@tesopu.gov,Connor,Lowe,user,(350) 676-1666,Gigavim,5298915,|,6373006213950234,109,Alfred Park,Noah Cain,4/1/1978,2339528,|,322769,23/8/2027,good,|,7187175,Estelle McGee,$4607.61,true,itimumah
dav@izifvi.org,Lina,Webb,user,(702) 266-3494,Onsorduz,741702,|,6011818370227919,071,Lester Simpson,Harold Bishop,13/2/2008,3793142,|,4150252,31/3/2011,could be better,|,5391618,Robert Tate,$6863.04,false,hecih
jitrenber@nugno.co.uk,Genevieve,Payne,user,(362) 281-8648,Aggazgac,7123816,|,6304458461523508,496,Russell Jacobs,Alfred Martinez,20/8/1971,9223768,|,129337,1/12/1978,good,|,8720932,Hettie Jennings,$9958.06,false,ow
rudu@otikostac.gov,Jason,Gonzalez,admin,(578) 417-9991,Sesmecto,4852897,|,345064605772664,232,Andre Garza,Evelyn Pittman,23/8/2016,9209150,|,5181023,19/11/2000,could be better,|,9330920,Jayden Powers,$2751.22,false,honpegaj
mibakvi@lupjusmic.edu,Myrtle,Roberson,user,(251) 945-5560,Ponuug,1220868,|,3528641466428750,191,Roger Glover,Stephen Jackson,29/9/2035,1732483,|,504928,18/1/1989,good,|,7095401,Ivan Mullins,$9508.64,false,gutbor
medasu@wejciw.net,Olive,Harrison,admin,(606) 628-7604,Amzowvek,2198268,|,36928180622078,509,Sylvia Marshall,Gregory Collins,4/2/2036,4463317,|,4406578,21/9/2018,polino,|,2771976,Lee Miles,$6103.44,false,jimnabu
kewen@pelgoowa.org,Zachary,Brady,user,(431) 282-8169,Etalarev,3185343,|,345964357146787,995,Belle Valdez,Keith Fletcher,1/12/1992,7206062,|,6215026,19/1/2024,excelent,|,5680069,Effie Pena,$24.44,true,tu
oruvodi@hogge.io,Emilie,Clayton,user,(789) 902-1315,Avgozpi,8420397,|,36791445907571,142,Blake Edwards,Raymond West,18/2/1983,8464905,|,6954185,30/8/1993,satisfying,|,3239269,Shane Fowler,$6041.28,true,epoge
rilinmit@tav.edu,Jonathan,Carr,admin,(985) 765-1426,Ihovudu,4802821,|,30099138251166,021,Lena Walton,Brett Moore,4/3/2010,9410798,|,4254983,3/10/1981,could be better,|,3270227,Myrtie Colon,$2776.78,false,dofpogaj
viwtop@ifvijjo.net,George,Gordon,user,(966) 598-1173,Posati,7558792,|,341155746391556,098,Nathaniel Bowman,Maurice Anderson,20/10/2036,9285034,|,2141471,15/1/1997,good,|,9302599,Violet Burton,$8500.93,false,mi
daebi@atgol.org,Katherine,Schmidt,admin,(485) 630-7386,Nofobvub,6549463,|,36696488427322,978,Brent Schneider,Landon Keller,16/10/2021,5353650,|,4852331,7/7/2030,excelent,|,2208190,Isabel Watkins,$6393.04,false,azjojheh
gisjosbu@luimhal.io,Glenn,Foster,admin,(440) 463-4192,Mimuciw,8679251,|,4026584215583910,244,Janie Hammond,Lucille Yates,11/11/1997,4387370,|,2487439,8/6/2028,satisfying,|,8724386,Arthur Reynolds,$3690.83,true,bowcuw
lawec@jeiga.co.uk,Sophia,Fuller,admin,(928) 840-3057,Tuhajhi,5109753,|,4903600805748909,178,Trevor Foster,Bertie Hicks,15/8/1993,4854222,|,1108323,30/3/1986,satisfying,|,1481771,Kathryn Gibson,$3434.24,true,pa
tesvar@ozake.edu,Chester,Doyle,admin,(475) 786-9019,Zohpumu,7828193,|,3528208294583907,634,Adam Wilkins,Gavin Tran,29/7/1977,9573786,|,6080046,28/6/2028,polino,|,2676135,Robert Buchanan,$6276.51,false,tozcofih
cibov@vagidha.co.uk,Victor,Williamson,user,(948) 288-9847,Pefbasve,9379959,|,342783679760304,853,Clifford Jenkins,Theodore Taylor,12/3/2021,8994494,|,7868048,5/5/2025,polino,|,2250062,Rachel Rhodes,$5238.51,false,se
imawejef@sizewnod.gov,Elmer,Harper,user,(871) 944-4084,Vitasafa,8785804,|,6334134449984674,605,Harvey Ruiz,Norman Walsh,14/2/1991,4702755,|,2125128,4/8/2028,satisfying,|,8947034,Willie Lee,$445.61,false,ahi
beteb@kul.gov,Winnie,Gomez,admin,(681) 663-5401,Gerofsab,6325470,|,5483074678639865,358,Paul Santos,Kyle Welch,11/10/2027,802745,|,6908622,16/10/1988,excelent,|,9756132,Ralph Cummings,$8831.39,false,meefo
umen@jo.net,Adrian,Colon,admin,(874) 236-5113,Nusahder,4541074,|,6375967800249884,030,Marie Walters,Blanche Pope,12/5/2016,2360619,|,4276801,19/12/2007,good,|,4948,Marian Bowen,$4643.28,true,ukosesoh
sivugaaju@kawkuvrof.org,Jerome,Nelson,user,(582) 601-8422,Ovkinje,6661616,|,5018020570666328,386,Christine Lyons,Noah Cole,3/1/2002,4754391,|,7863981,22/6/1983,satisfying,|,9746075,Bessie Keller,$6798.34,false,pow
ac@aloguroz.org,Rosie,Ortiz,user,(464) 580-2418,Nijeruul,4057094,|,3528962539253839,532,Tillie Wagner,Jackson Vega,9/4/2035,9416634,|,3066450,24/5/1994,satisfying,|,101082,Margaret Chambers,$328.59,false,halicfi
vadetim@ismasde.edu,Sean,Price,admin,(589) 291-1502,Lutuni,3656557,|,6228827921953096,366,Blake Brown,Barbara Pearson,5/10/2026,5107595,|,5297017,3/3/2028,could be better,|,7492018,Hallie Ruiz,$1101.74,false,abfog
obelusup@zepru.io,Edgar,Rodgers,user,(521) 916-2066,Vurirze,3681252,|,6257341828212543,679,Carrie Sanchez,Joshua Griffin,16/9/2032,7411152,|,7003695,19/4/1988,excelent,|,89328,Myra Fields,$2573.69,false,foucoesa
ume@mojleplij.org,Raymond,Shelton,user,(904) 974-6483,Jaonujo,2381718,|,6304080899904090,846,Lelia Chapman,Mollie Zimmerman,16/12/2004,6233998,|,234485,23/11/2011,satisfying,|,3339616,Ola Watkins,$5583.70,false,panofwe
daviol@huski.org,Leonard,Alexander,admin,(564) 915-7846,Dahutcu,7285350,|,6304066138428421,320,Edgar Woods,Ryan Doyle,27/10/1977,3307052,|,1145791,5/10/2027,polino,|,130213,Thomas Duncan,$7665.39,true,keriw
cubka@pofas.org,Louise,Rogers,admin,(358) 548-9188,Wedjisri,9603455,|,30048248488986,309,Leon Wagner,Thomas Bowers,9/6/2006,6115749,|,8875526,18/10/1989,satisfying,|,8300743,Manuel Parsons,$9107.81,false,so
kecab@nofa.net,Gabriel,Peterson,admin,(228) 340-7592,Lihhugug,4770877,|,6011818589339406,571,Todd Potter,Dollie Allen,17/12/1977,2273994,|,7749555,16/6/1988,could be better,|,487069,Isabella Pope,$4842.86,true,kujbecef
dal@womismuh.co.uk,Claudia,Long,user,(934) 667-4365,Bivorru,7218706,|,201475039978821,407,Lura McDaniel,Lucinda Nunez,1/5/1976,1761979,|,1872349,10/11/1979,could be better,|,195129,Nancy Daniels,$9523.60,false,unihelmor
mowaj@kiaseki.io,Theodore,Hampton,user,(644) 434-7910,Usabube,6838024,|,201412605127376,850,Curtis Coleman,Sophie Love,25/4/1986,9254932,|,329303,10/8/2001,could be better,|,8049740,Billy Kennedy,$2584.99,true,numulo
vil@kuab.io,Jessie,Santos,user,(369) 556-5140,Cagifasi,7431927,|,4903667433922586,049,Lena Howard,Lewis Gonzalez,1/2/2024,6465965,|,6054475,20/6/1971,good,|,9948418,Gilbert Rodriquez,$1409.61,true,zohtoov
tez@vo.gov,Dora,Hansen,admin,(318) 922-7937,Lochiswuc,3709782,|,5196795778557825,518,Miguel Sparks,Clara Ortiz,5/8/1998,3257604,|,685575,10/6/2036,satisfying,|,7402722,Roxie Schultz,$7028.19,false,hifusub
kapcaf@oheuru.edu,Philip,Wolfe,admin,(675) 216-8150,Owiweuz,5698405,|,3528758189440852,839,Bryan Russell,Mathilda Myers,18/8/1974,9191071,|,7851785,20/10/2033,could be better,|,2788754,Jerry Pierce,$2345.22,false,eki
ivizofi@jenul.io,John,Fernandez,user,(416) 560-1789,Pufkekisi,3553769,|,30020093279075,572,Sally Mendoza,Hallie Burns,24/12/2031,8052234,|,6442032,13/7/1994,good,|,7992951,Clayton Klein,$7936.96,false,daz
eze@bip.io,Mittie,Rodgers,admin,(550) 346-2998,Pepkanov,3950113,|,4686689878186322,337,Shane Osborne,Joseph Wilkins,28/4/1971,8444680,|,6477641,15/7/1995,excelent,|,5889742,Nathaniel Robinson,$1512.38,false,ep
civ@rocoktib.org,Elmer,Smith,admin,(207) 457-4290,Hukdihe,3325563,|,3528039116585337,593,Timothy Morrison,Jeremy Klein,25/3/1997,2437662,|,6455235,29/9/1986,satisfying,|,8682950,Ella Curry,$4401.27,true,su
nasija@welhug.org,Edwin,Leonard,admin,(444) 278-9301,Sowzitkec,2178684,|,5462341229466550,301,Clyde Horton,Hallie Moss,31/1/2035,3988049,|,9147562,20/3/1985,excelent,|,7564676,Harvey Hoffman,$8317.61,true,sebgoc
opi@uca.com,Marguerite,Armstrong,user,(534) 546-1263,Zewdute,3287974,|,5610078468337305,256,Samuel Wells,Bill Summers,10/2/1990,6259781,|,5655313,3/1/1984,polino,|,9883102,Caleb Powers,$7687.18,false,tis
reh@bagci.edu,Gene,Drake,admin,(841) 794-2707,Roplilgif,6996380,|,341467981245094,468,Sean Graham,Hettie Newman,10/8/1994,615934,|,7376919,11/10/1975,polino,|,297826,Allen Rivera,$2710.84,true,pomutina
ratu@ecu.edu,Albert,Robbins,admin,(329) 531-4234,Dagimoda,4855313,|,5610832903409610,210,Bettie Mills,Ollie Strickland,24/7/2028,2112366,|,5137950,9/5/1995,could be better,|,4226485,Chris Spencer,$3535.88,true,gajwufu
otoze@pefciphes.com,Myra,Morales,user,(478) 713-4613,Nozsale,6301304,|,5018265192374229,720,Jeremy Wilson,Lena Coleman,29/5/2009,6521336,|,108530,21/1/2004,excelent,|,2383639,Floyd Howell,$7964.95,true,vazolvek
vi@ni.edu,Edith,Summers,user,(811) 859-5034,Lisijoh,3783996,|,4026494926992238,726,Jose Soto,Myrtle Schwartz,16/6/1982,1312081,|,2141395,28/11/1977,good,|,3333861,John Watson,$928.41,false,wucih
urolu@ve.gov,Christian,Mason,user,(527) 888-6409,Ihahibe,2501337,|,30061960402937,742,Donald Cross,Maud Tate,26/4/1989,2921330,|,1306302,6/2/2023,satisfying,|,7943828,Eddie Cooper,$3512.08,true,hed
nelinle@vikji.com,Betty,Herrera,user,(880) 744-3410,Nuhwadol,8852910,|,4026333190256831,887,Maurice Fleming,Steven Owens,20/4/1980,4813207,|,9628757,10/3/2010,satisfying,|,8809694,Esther Morton,$1840.94,false,gigdudwe
pubvac@kasig.co.uk,Ophelia,Lawrence,user,(230) 227-5406,Cafcibjof,2813671,|,4780753652177918,148,Frank Simmons,Daisy Garza,26/1/1997,5889524,|,6196221,3/10/2010,good,|,1381324,Bradley Sharp,$9493.16,true,devzij
nik@faprivan.edu,Hester,Farmer,admin,(766) 901-6546,Cuhudoz,8419657,|,348090036468124,567,Duane Shelton,Estelle Harmon,14/4/2027,7581257,|,4014011,27/8/1978,polino,|,6335282,Jimmy McDonald,$8469.69,true,ujoku
be@kadvirok.io,Mary,Herrera,user,(775) 207-3212,Juliehi,6920811,|,6304804072239986,831,Nelle Welch,Sadie McDaniel,25/7/1988,7955986,|,6615994,17/11/2028,polino,|,6585208,Walter Cobb,$9946.54,false,uhoaw
mumip@dazape.org,Julian,Todd,user,(426) 722-6759,Cersilup,4446111,|,4903631404963441,613,Callie Baldwin,Lou Park,8/6/2025,5060882,|,2045357,3/5/1994,could be better,|,2806085,Harold McCoy,$3913.88,true,zavvi
wuz@idi.co.uk,Lily,Todd,admin,(704) 839-1240,Guvroku,8292040,|,6374631831209132,598,Robert Ruiz,Eric Patrick,18/11/2005,4167131,|,812043,6/11/2022,could be better,|,5903879,Marvin Sharp,$6956.15,false,zimem
anour@gancotwum.org,Larry,Lloyd,admin,(636) 744-4186,Cedzele,448247,|,6201207048934264,583,Clifford Nelson,Esther Patrick,20/5/1999,8935405,|,8054387,6/3/1978,satisfying,|,1432350,Christopher Robbins,$2979.19,false,nakrari
ludpaddun@anfoma.com,Shane,Vargas,admin,(501) 722-5988,Nanehilig,4575672,|,5178319868491035,346,Lola Harmon,Gerald Webster,7/12/1998,297959,|,8255347,16/8/1971,polino,|,4274026,Kevin Patton,$2099.46,true,dofuju
mesmiz@rowtosce.io,Jared,Hunter,user,(944) 452-6737,Rennobcu,4246148,|,36407370649134,403,Catherine Freeman,Jonathan Cain,31/10/1971,1433463,|,182795,22/8/2008,could be better,|,9847081,Rosalie Horton,$5929.18,false,ruomico
ro@owidut.com,Leona,Owens,admin,(868) 854-1479,Ondifbe,3383048,|,30023803823950,698,Clayton Simon,Nettie Nash,27/6/2027,2581055,|,3186012,4/8/2016,excelent,|,3555846,Rosie Wheeler,$1986.92,false,hidko
emzubaj@nelev.co.uk,Ida,Chavez,admin,(372) 776-2981,Todwofro,7284742,|,5610222309949304,057,Callie Gilbert,Dean Ford,21/4/2006,2114963,|,2599290,12/11/2013,good,|,6873920,Gene Franklin,$5953.10,false,facnaov
do@leb.co.uk,Leah,Ray,admin,(230) 262-2220,Ugudhin,3456190,|,36998996874890,141,Anthony Miller,Mitchell Bush,22/6/2009,3748691,|,5628868,4/7/2033,satisfying,|,9430829,Rosa Jennings,$2864.67,false,dirkohwuj
emu@guj.edu,Christopher,Mitchell,user,(875) 763-1535,Rewnido,428921,|,6202512646717923,585,Norman Klein,Viola Farmer,6/12/2022,1432364,|,5073264,28/8/2037,polino,|,9884919,Stanley Paul,$2847.71,true,iw
mimjiri@seftolfud.edu,Ola,Steele,admin,(517) 368-2797,Cejkuggiv,1043721,|,6232282444426960,293,Catherine Sullivan,Mittie Schultz,12/5/1977,7824195,|,7171780,12/11/1994,excelent,|,3286609,Gerald Olson,$5986.76,true,sottu
lukapfed@cuemto.edu,Darrell,Ross,admin,(647) 360-6386,Ofsetjo,5688651,|,6011008520830289,127,Bess Wise,Rosie Dunn,4/11/2013,2400339,|,472524,23/10/2007,polino,|,6745065,Keith Parsons,$8461.03,true,diutociv
citef@riksobzu.gov,Susan,Abbott,admin,(772) 839-6203,Vowgivit,4810726,|,6011423709352379,359,Lewis Wilkins,Ann Newman,1/11/2001,5254635,|,8927559,18/7/1992,good,|,2584397,Sylvia Hernandez,$6257.16,true,cal
boz@jani.gov,Luis,Bryan,user,(376) 352-3471,Cimsoco,3593807,|,4254008235770508,973,Blake Johnson,Pearl Parker,18/5/2018,1768972,|,3027968,6/1/1985,excelent,|,18959,David Sharp,$9864.14,false,vabjocab
ren@orifez.io,Keith,Palmer,admin,(701) 606-9064,Dicupe,8979051,|,5610649006246032,310,Ryan Welch,Myrtle McDaniel,11/6/1986,785218,|,1774913,21/9/2032,excelent,|,9944175,Katherine Dunn,$6375.11,false,edugunu
hu@fuh.co.uk,Carl,Harris,user,(813) 510-1104,Fibovi,5583673,|,30080761337662,454,Sallie Reid,Jay Duncan,12/6/1994,3602269,|,1775229,25/8/1979,satisfying,|,6861308,Theodore Garrett,$6124.09,false,civifa
ule@tujebo.net,Ryan,Bowman,user,(200) 839-4943,Nemnere,6469795,|,4026380061047013,084,Clyde Holmes,Grace Cox,11/7/1973,2705753,|,2022792,18/1/2029,good,|,5995947,Theresa Schmidt,$2212.17,false,mob
fog@miw.org,Calvin,Mendoza,user,(247) 281-5904,Vuzgekhow,3990855,|,36035140845615,962,John Frank,Gene Page,7/10/2037,2456655,|,2617399,7/9/2026,polino,|,7715821,Emily Brown,$6364.47,false,fic
vonsa@jew.edu,Brian,Ross,admin,(365) 999-1205,Lofafmen,1894842,|,6373488770335068,159,Lawrence Stanley,Winifred Russell,30/6/1986,4570152,|,6549686,26/6/2034,excelent,|,133751,Craig Martin,$5740.18,false,okudi
go@bik.com,Austin,Hopkins,user,(207) 830-9803,Bodolmu,8656129,|,6201646353769056,793,Carl Copeland,Phoebe Weber,4/5/1995,233071,|,4316227,29/10/2029,polino,|,8112227,Gerald Grant,$3348.50,true,ohuhu
kogof@ufkagopu.org,Ralph,Olson,admin,(663) 600-8248,Jupdupe,3297495,|,6377673832122184,937,Landon Hill,Susan Pearson,18/1/2034,3209879,|,7038763,3/12/1981,could be better,|,7139106,Bettie Hines,$5211.73,true,egi
rolked@nardaknus.net,Bradley,Kim,admin,(574) 758-6316,Firapfak,4510500,|,6304220986477408,199,Harvey Ruiz,Roger Patton,11/11/2036,6594017,|,6296740,5/2/1972,good,|,124981,Thomas Fletcher,$5566.00,true,faftut
umopuhpog@kimuc.gov,Cole,Williams,user,(873) 818-5746,Tonomso,753843,|,343460983845399,285,Logan Murphy,Eugene Morales,8/3/2027,2568433,|,9603893,27/6/1976,polino,|,2066830,Sara Ballard,$9193.20,false,tur
suc@wen.com,Leo,Houston,admin,(969) 303-8236,Cozufaoj,3669170,|,340779311167967,659,Aiden French,Jean Stokes,1/8/2001,8909532,|,9850109,1/11/2013,satisfying,|,2466708,Gene Mathis,$4219.03,false,ifuwubuk
baflale@ef.com,Minnie,Cain,user,(586) 230-6221,Gakzoccu,8015497,|,6334670896218645,984,Juan West,Daisy Warner,19/2/1977,431861,|,864425,18/10/1988,good,|,7593278,Patrick Waters,$7395.68,false,go
od@nirpar.edu,Charlotte,Dean,user,(450) 433-2857,Veafenu,1572237,|,201466900841198,497,Augusta Santiago,Cecelia Valdez,29/11/2003,907685,|,103325,5/4/1999,excelent,|,1288671,Alfred Norman,$8247.74,true,nuzofem
ahpe@evtem.com,Henry,Lindsey,admin,(788) 797-5446,Kiseblic,1765246,|,5018629322708939,657,Gerald Chavez,Luella Steele,26/1/2020,8747946,|,7648489,27/10/2021,satisfying,|,7498280,Kathryn Walton,$4586.35,false,hiketo
os@di.co.uk,Oscar,Ortega,admin,(951) 803-2256,Dupudig,5768464,|,36818050889065,189,Hunter Santiago,Christine Ferguson,29/3/2032,2304485,|,4268865,19/12/1992,could be better,|,6793885,Frederick Smith,$4083.10,false,wedakgo
pur@ico.net,Eleanor,Lopez,user,(226) 434-3170,Kudogo,9029872,|,4026236158573735,173,Bernard Hodges,Susan Terry,12/10/2001,5190644,|,5533565,12/2/1975,satisfying,|,1747499,Paul Parsons,$4079.21,true,elauz
maozaw@pajohif.co.uk,Isaac,Baker,admin,(662) 259-2554,Lictimjo,9635855,|,6334216209245303,881,Alejandro Dawson,Johanna Keller,12/6/2028,403756,|,6086247,4/1/1993,could be better,|,9124015,Victoria Washington,$1671.47,true,hivav
kukasjiw@cumwenru.org,Lula,Lowe,user,(906) 343-4164,Ecaheema,5867733,|,5123157609484612,472,Leonard Stevens,Lena Goodman,10/7/2035,4661653,|,143283,7/1/2037,good,|,7387602,Edith Moreno,$5884.83,true,wibsoj
dedoano@la.edu,Arthur,Norman,admin,(582) 848-9148,Bumhozehu,5118722,|,5172654680096117,028,Lela King,Trevor Townsend,5/12/1988,2393920,|,774304,4/4/2018,polino,|,1665926,Troy Buchanan,$7839.34,true,egadan
tel@rog.co.uk,Mark,Davis,admin,(909) 451-3279,Seunfoh,7639083,|,6283408671056737,520,Billy Newton,Mamie Copeland,12/1/2022,3786271,|,1752979,3/3/1979,could be better,|,3006338,Estelle Waters,$1784.45,true,galce
